id,rating,created,territory,reviewer,title,body
00000192-ff7a-3603-417c-464d00000000,1,2026-04-21T18:57:47-07:00,GBR,Leo PHB,Full of bugs,"This app was useless during the Artemis 2 mission, the mission tracker data was just plain wrong."
00000192-ff7a-3603-3f5a-56af00000000,4,2026-04-11T13:53:03-07:00,AUS,Fastlunch_1,Making it up,This app was a bit slow to update but the info was of good detail.
00000192-ff7a-3603-3f4b-d44100000000,3,2026-04-11T08:24:56-07:00,USA,Sophiedog6,Click still running?,It landed. I think you can turn off the flight duration clock now.
00000192-ff7a-3603-3f39-2b7800000000,3,2026-04-11T00:56:47-07:00,CHE,iROWI,Version 2.0.4(2),"Nach dem Splashdown ist das Tracking immer noch aktiv, Artemis immer noch weit von der Erde entfernt, 10.65 km/s!"
00000192-ff7a-3603-3f2b-e78100000000,1,2026-04-10T18:18:00-07:00,USA,Soberjoey,Don’t waste your time,"This App is garbage. From beginning to end nothing was correct.  The timing, the miles everything was off always    absolute garbage. Don’t waste your time.  I spent the extra money so I could get space weather. Space weather half the time wouldn’t update and I get an error message."
00000192-ff7a-3603-3f2a-f85b00000000,1,2026-04-10T17:52:32-07:00,CAN,Paytisa,Very inaccurate,"The app was extremely inaccurate the entire Artemis 2 mission and I feel
Like I blew 5$ down the drain"
00000192-ff7a-3603-3f29-f3af00000000,1,2026-04-10T17:24:29-07:00,USA,thisis so dumb and theft,Terrible delay,"This app was delayed by more than 19 minutes. Watching the news was 10/15 minutes faster than when I would get a notification from the app. Parachutes deployed notification was so delayed , the astronauts were IRL already getting out of the capsule."
00000192-ff7a-3603-3f29-cdea00000000,1,2026-04-10T17:20:24-07:00,GBR,jayden_437,Really out of sync data,Got notifications for certain events happening during the mission way after it actually happened. We’re talking 20/30 mins after each milestone. And data shown in app was always different to that of NASA so not sure what’s going on there. Really annoying
00000192-ff7a-3603-3f19-61a500000000,5,2026-04-10T10:14:09-07:00,USA,milkywaychristian,this is a beautiful app,"I truly am grateful to have ran across this beautiful app, totally worth the full price because of all the future missions. I love how it has live tracking down to miles and speed to a chance to see a live stream via youtube all from the same screen. Thank you for making this beautiful app! 🌖🚀🇺🇸"
00000192-ff7a-3603-3f0a-de4e00000000,1,2026-04-10T05:07:30-07:00,IRL,Wikaik,Mission Lagged,"The app worked for the first few hours of the mission and then automatically started counting down to the Artemis 3 mission so nothing was updating. Each stage said in 1 year rather than in a few days or hours . Today , on the day of landing it is working again. Disappointing"
00000192-ff7a-3603-3efe-065b00000000,2,2026-04-09T22:40:20-07:00,GBR,Lankymart,Disappointing cash grab,"Live telemetry was free but all of a sudden it’s now behind a paywall. Plus when it was ""free"" the live tracking was wrong at numerous times. Went back to the official NASA app in the end."
00000192-ff7a-3603-3ef9-0acd00000000,2,2026-04-09T19:54:37-07:00,USA,XxxYyyZzz12345678,Loved outbound tracking,I was able to track the outbound with the free app but then would need to pay for tracking the return flight.
00000192-ff7a-3603-3ee8-b71700000000,5,2026-04-09T12:19:39-07:00,CAN,Ho yeah,After the last upgrade everything went well !,Technical support helped me a lot during the firsts upgrades and the communication with them went very supportive and comprehensive !
00000192-ff7a-3603-3ed3-703600000000,2,2026-04-09T04:32:40-07:00,DEU,ArminGr,Ganz okay,Für die kostenlose Variante war die App ganz okay. Die Visualisierung der Strecke war fehlerhaft und nach einem Update sollte man dafür sorgen zahlen.
00000192-ff7a-3603-3ed0-659d00000000,2,2026-04-09T03:14:39-07:00,CHE,Fnx_QT,How is this developed?,Is this app vibe coded and tested ? 50% of the time things break or values / schema are not accurate. With update 2.0.0 screens do not react correctly and NASA API do not seem to respond…
00000192-ff7a-3603-3ec7-b33700000000,5,2026-04-08T22:36:55-07:00,USA,SeanStrauss,Outstanding!!!!!,"This wonderful app has great and simple graphics, full bios of each crew, member, and details about each section of the mission!!!!!"
00000192-ff7a-3603-3eb7-753800000000,4,2026-04-08T14:39:34-07:00,USA,Rozzz37,Awesome concept,"Not sure what I really got for the $4 Mission Control upgrade. It used to show me the CME’s on the weather module but since the last update, it just says “Could not load data: Decoding failed: the data couldn’t be read because it isn’t in the correct format” However, I’d still like to tip my hat to the developers for the real time data. The app is cool but needs a couple adjustments. Hope this hel"
00000192-ff7a-3603-3eb5-a9bb00000000,1,2026-04-08T13:50:37-07:00,USA,Asmith5398,Terrible,Very inaccurate and doesn’t make sense compared to NASA telemetry. Don’t bother with this app.
00000192-ff7a-3603-3eb1-8de300000000,5,2026-04-08T12:06:13-07:00,USA,Selgae5259,People update your scores,"This is a 5 star app and well worth the purchasing. The developer seems to be listening and is fixing the issues. I've had no more issues the last two days, absolutely love the widgets and the dev has now added details about future Artemis launches! This app is legit, thx dev(s)."
00000192-ff7a-3603-3eb0-98f700000000,4,2026-04-08T11:43:18-07:00,NLD,Rednose.,Very nice.,Version 2.0 makes the in-app purchase worth it.
00000192-ff7a-3603-3eac-bced00000000,1,2026-04-08T10:13:14-07:00,ITA,Gio&Gio94,Buggy & Laggy,"A lot of bugs, state of the mission is not updated and the mile count just doesn’t work. 1 star"
00000192-ff7a-3603-3ea5-2f6500000000,1,2026-04-08T07:30:24-07:00,MEX,Otrebor21,Sigue mal,"Ya una actualización y nada se corrigió. La telemetría de velocidad y distancia respecto a la luna sigue mintiendo. La ilustración del avance de la misión es incongruente.

Hicieron cambios cosméticos menores e inútiles. Nada de lo verdaderamente importante mejoró."
00000192-ff7a-3603-3e85-b84e00000000,1,2026-04-07T16:39:23-07:00,USA,vRx8,Terrible,I have had this app since shuttle launch to watch the progress. The only paid thing on the app was the weather. Now suddenly after the last update I have to pay to track the progress as well. Not worth it when it’s already half over.
00000192-ff7a-3603-3e78-679200000000,2,2026-04-07T10:48:37-07:00,DEU,etemes,Wird zunehmend schlechter,"Die kostenlose Version war schon völlig ausreichend. Aber ich dachte mir ich unterstütze mal den Entwickler und habe mir den Zugang zu den Daten von Mission Control für 3,99 € gekauft. Danach die Meldung, dass die Daten nicht gelesen werden können, da da Format falsch ist 
Seit Lunar Flyby ist jetzt auch das Tracking, was vorher frei war, hinter der Bezahlschranke. Ich kann verstehen, dass man ver"
00000192-ff7a-3603-3e6d-735f00000000,1,2026-04-07T06:49:21-07:00,USA,VoxLeonis,Don’t upgrade to paid version,"The paid version doesn’t work, the weather tab just says “could not load data, the data couldn’t be read because it is not in the correct format.” Been that way for days, even after re-installing and restoring purchases. 
Update: “Could not load data: HTTP error 503” and they’re not allowing refunds. Buyer beware."
00000192-ff7a-3603-3e69-0c7d00000000,1,2026-04-07T05:11:57-07:00,USA,Harrison86,Get the NASA App Instead,"Don’t download. This is not an official app. The real NASA app gives all this for free. This app was fine when the mission first started and everything was free and the NASA app was working out their kinks. This app’s info/data is all off and out of sync with the mission, and now everything is blocked by a paywall anyway. Don’t fall for this scam."
00000192-ff7a-3603-3e67-642400000000,1,2026-04-07T04:32:08-07:00,DEU,pavcax,Not recommended,It simply doesn’t work!
00000192-ff7a-3603-3e61-cf5400000000,1,2026-04-07T01:47:26-07:00,DEU,Dentix27427,Nutzlos und unbrauchbar,"4 Euro bezahlt. Wofür? Mission ist auf dem Rückflug und mir werden Daten vom Hinflug gezeigt. Angeblich live. 
Unverschämtheit."
00000192-ff7a-3603-3e51-b9f200000000,2,2026-04-06T17:11:02-07:00,USA,Jack Bulman,Nope,"I had high expectations for this one, but it didn’t deliver. The paid version ain’t worth it. Data is incorrect most of the time and I’ve had enough. Just use the mission tracker on MASA’s app instead."
00000192-ff7a-3603-3e50-d7f600000000,1,2026-04-06T16:45:46-07:00,USA,KAG Pilot,Money Grab,"So poor, just a scam money grab.. can’t mention who I think are controlling the cheat."
00000192-ff7a-3603-3e45-b33900000000,2,2026-04-06T11:47:27-07:00,ITA,Reskill0,Senza parole…,"Era gratuito il tracking, ma dopo l’aggiornamento è stato messo a 4€… assurdo…"
00000192-ff7a-3603-3e1e-9a5400000000,1,2026-04-05T18:38:18-07:00,USA,Capt. Diego,Joke?,Data is very inaccurate. Contradicts itself. Pretty worthless.
00000192-ff7a-3603-3e11-3c5800000000,1,2026-04-05T12:21:26-07:00,GBR,Confused Cactus,Doesn’t Show Data,"Most disappointingly, Orion is currently 50% of the way to the Moon but the “live” graphic shows Orion already there. 

I also paid for the premium version to see more Telemetry, however the telemetry is the same as the free version just with second by second updates. 

A pretty poor app for keeping people updated and engaged on the mission and disappointed with the paid version."
00000192-ff7a-3603-3e11-0c7400000000,3,2026-04-05T12:16:45-07:00,DEU,cox orange,Nach Update läuft‘s,Nach dem Update läuft‘s recht gut. Allerdings lassen die Daten ein wenig an Genauigkeit missen.
00000192-ff7a-3603-3df6-d2d500000000,2,2026-04-05T01:50:41-07:00,GBR,RiaRoss,Disappointing.,The tracking is all over the place as one minute it shows Orion next to the moon and the next it bounces back to the middle. According to my tracker they’ve been to the moon and back 7 times. I’m also not really sure what I paid £3.99 for. Stick to the NASA app.
00000192-ff7a-3603-3df3-e6b100000000,4,2026-04-05T00:20:58-07:00,GBR,Coolhand2376,Good App,A good basic App that allows me to see where the mission is up to.  Does just what I needed to follow Artemis.
00000192-ff7a-3603-3de6-e31400000000,2,2026-04-04T17:49:32-07:00,USA,Major Rookie,"Erroneous, bogus information","Ever since the pause at T- 10:00 min the app has been off, acted like it had lifted off and even had mph when the rocket was still on the ground. Fail
UPDATE, I changed to 2 stars, simply because the developer contacted me back and was nice.  Answer me this, how can a rocket that is sitting still on the pad report to your app a velocity of an enormous amount? I would believe it if the app just was"
00000192-ff7a-3603-3de3-990100000000,1,2026-04-04T16:15:00-07:00,ZAF,GabrielK83,Drunk in outer space,"The data in this app is at best incorrect and at worse fraudulent; the live data does not reconcile with the live data on the credible news agencies and NASA’s own information, and in many cases it is obviously wrong. I would not be surprised if the app has pre-programmed information that it relays, rather than actual data from the journey. I also paid for the extra features, which naturally don’t"
00000192-ff7a-3603-3ddd-701f00000000,2,2026-04-04T13:22:20-07:00,USA,Sixty9below,Full of bugs and not even close to real-time data feed,User interface is cool but the app itself is full of incorrect and inconsistent information about the mission information as well as the real-time data.
00000192-ff7a-3603-3ddd-4ddb00000000,4,2026-04-04T13:18:54-07:00,USA,hajilef,Distance discrepancy between app and official NASA channel,"I like the app, but the distance indicators in the app from earth or to moon are very different from the distance indicators on the live feed of the NASA channel. So can I even trust the data in the app?"
00000192-ff7a-3603-3dda-2e6e00000000,3,2026-04-04T12:01:37-07:00,CHE,iPhips,"Getting better, but… DON‘T upgrade to „Pro“ JUST YET","Update of my review 4. April 2026: 
I got a quick response to the below review and that is something I really appreciate and one can see that they are working hard on improvements! Good job. However, in my opinion an upgrade to Pro is not yet giving you a lot of improvement, so keep checking. 🌕



Thanks for fixing the YouTube-link. Weather-Option still „can’t be loaded because it is in the wrong "
00000192-ff7a-3603-3dbc-55dd00000000,5,2026-04-04T00:19:07-07:00,GBR,Gossa9011,Brilliant,Really great app. Well thought out and nice UI. All my friends have it too! Thanks 👍💫
00000192-ff7a-3603-3dbc-50aa00000000,2,2026-04-04T00:18:31-07:00,GBR,Pap Pat,Not sure data is correct,"Downloaded this app because I thought it would be good to sure the mission progress. I am just watching the news and the crew support has just announced they are closer to the moon than earth. Well this does not match the data graphic in the app. 
Also I purchased the extras which tell me the data cannot load as it is the wrong format."
00000192-ff7a-3603-3dbc-456000000000,2,2026-04-04T00:17:11-07:00,DEU,PET-J,Unbrauchbar,"Ständig falsche Tracking-Daten.
Wenn man schon 4 Euro für eine App nimmt, die nur eine 10 tägige Mission verfolgt, dann sollte genau das Tracking funktionieren!
Somit 40 Cent pro Tag, sind eine Frechheit.
Diese App ist unbrauchbar!"
00000192-ff7a-3603-3db7-a45f00000000,1,2026-04-03T21:54:45-07:00,ZAF,Diamond Eater1234132,This app is broken,"The data on the app is incorrect. Six hours ago the app was showing the craft halfway to the moon. Now is showing it as being 80,000 km from earth again."
00000192-ff7a-3603-3db7-54be00000000,1,2026-04-03T21:45:07-07:00,USA,fbicking,Info not even close,The info provided is not even close to the data NASA is giving
00000192-ff7a-3603-3dae-15b800000000,2,2026-04-03T17:27:33-07:00,USA,alienwanderer,Disappointing,"Got this expecting more detailed graphics on the location of the rocket. Didn’t see what I was expecting so I decided to fork over the $3.99 for the more detailed info. Not sure if it includes what I was hoping for because the subscription portion has yet to load. It keeps indicating a decoding issue. Hopefully, this is because their attention is fully fixed on the mission, I just wish I could wat"
00000192-ff7a-3603-3dad-d48c00000000,1,2026-04-03T17:20:43-07:00,USA,Subman631,Wrong data,It will periodically show Artemis II launching in 450 days when it has already launched. Telemetry data is always wrong or right depending on what time of day you open the app. Everyone should be reimbursed.
00000192-ff7a-3603-3dab-27b100000000,1,2026-04-03T16:05:46-07:00,USA,Cad1Pickle,Terrible App,"Without a doubt, this is one of the worst apps I have ever dealt with. It does not update. And I have to constantly reload it. I have an iPhone 17 Pro so this
App should work fine. Very disappointing."
00000192-ff7a-3603-3da8-451a00000000,5,2026-04-03T14:44:33-07:00,ESP,Abel Vartan,Working propperly after updating,It didnt show the correct info but it statted working propperly after updating it manually..
00000192-ff7a-3603-3d9e-05e700000000,1,2026-04-03T10:34:52-07:00,USA,Bighigg 55,Not Good,My app is showing at 1:30 on April 3 that we’re halfway to the moon. Also showing 1day an 19 hours to launch. This App is horrible! Very disappointed
00000192-ff7a-3603-3d9c-a2e300000000,1,2026-04-03T10:05:27-07:00,USA,Jones2ks,Totally Inaccurate,"Well, I paid for tracking and you failed to deliver. I will make sure no one uses this or any of your apps if you have any. Orion is 100k miles away and you have them 1k miles away. Lesson learned. Enjoy your lunch money."
00000192-ff7a-3603-3d99-853400000000,1,2026-04-03T09:01:51-07:00,USA,Howittzers,Broken,"Would be cool, if it worked. “Could not load data”. That’s what you will see most the time. Also, their information on the astronauts is in correct. Seems like this app was done half-&$$."
00000192-ff7a-3603-3d91-c78c00000000,1,2026-04-03T06:30:51-07:00,GBR,GarthNW,Premium features don’t work?,Premium features don’t work?
00000192-ff7a-3603-3d91-1a5a00000000,1,2026-04-03T06:17:21-07:00,USA,milomndr,Not working,This app stopped showing any pertinent Information. Please fix
00000192-ff7a-3603-3d8f-9dd300000000,5,2026-04-03T05:46:21-07:00,USA,Jennixo,Love the real time tracking,It’s so amazing to be able to have real time tracking data at my fingertips for this historic mission. It did lose accuracy around the TLI but the recent update fixed that.
00000192-ff7a-3603-3d8c-155500000000,2,2026-04-03T04:25:53-07:00,USA,RNolter,Next year?,The data is updated for next year. I figured if we paid we would get Live data?! Not so. I tried deleting the app and reinstalling it. Still no luck. Please fix.
00000192-ff7a-3603-3d89-e26700000000,5,2026-04-03T03:28:45-07:00,POL,Rybosom,To the Moon and beyond.,"Wow. What a fantastic app! I love the GUI, amazing set of data and data visualization. I hope you will keep the project up for the next missions."
00000192-ff7a-3603-3d86-f78800000000,1,2026-04-03T02:04:52-07:00,GBR,CharlieSkids,Not the official NASA app,This is Not the official NASA app which should top the search
00000192-ff7a-3603-3d81-61d800000000,2,2026-04-02T23:09:05-07:00,FRA,MontjoieSaintDenis,Broken,"A shame. A superb interface, great design, but the app is simply broken."
00000192-ff7a-3603-3d7f-555800000000,1,2026-04-02T22:00:23-07:00,MEX,FFonck89,Doesn’t worth the money,The payed version is quite the same as the free one and it doesn’t have the function of tracking.
00000192-ff7a-3603-3d78-17fa00000000,4,2026-04-02T18:22:11-07:00,USA,Aramancm,Telemetry issues,"I was really looking forward to this app, but the telemetry is far behind. ** The update made a large improvement. everything seems to be working …thank you for the fix."
00000192-ff7a-3603-3d77-84d800000000,5,2026-04-02T18:06:24-07:00,USA,Y0buck,App is awesome,"For what it is, it does exactly what I would want it to do. The paid version probably isn’t worth it but I really don’t mind supporting the dev. UI is beautiful and there’s so mainly interesting details. Make sure to update the app manually if your data starts looking weird because I ran into that problem but other than that it’s awesome. It provides info most news channels and websites don’t give"
00000192-ff7a-3603-3d77-7cf400000000,3,2026-04-02T18:05:32-07:00,USA,egorski,Showing 2027 mission??,Why all of a sudden is the data showing for 2027’s launch and not the current mission progress?  I paid for this interface and now it’s all jacked up?  Come on folks.
00000192-ff7a-3603-3d75-e55600000000,1,2026-04-02T17:21:19-07:00,USA,Canute73,Sorry…try again,TLI (Translunar Injection) burn is over and they are on their way but this app says it’s still yet to come and that Orion is still in the HEO (high earth orbit) phase. Clearly not a very useful way to keep tabs on their progress. Delete
00000192-ff7a-3603-3d75-cd0000000000,1,2026-04-02T17:18:38-07:00,USA,Noneya865,Says it will launch in a year,The data is not syncing at all. I would expect more - completely useless right now.
00000192-ff7a-3603-3d74-ce6100000000,1,2026-04-02T16:50:20-07:00,USA,Skitard,Data does not match,Data does not match the live stream from nasa YouTube channel. Waisted money
00000192-ff7a-3603-3d72-9d9800000000,5,2026-04-02T15:47:53-07:00,CZE,Nesser256,OK už je vše v pořádku,Stačila aktualizace
00000192-ff7a-3603-3d70-e41200000000,2,2026-04-02T14:59:10-07:00,USA,LewE74,?,"Purchased get $3.99 one time subscription but got charged $16? Also, where is the upgraded information? Nothing is new."
00000192-ff7a-3603-3d58-f22b00000000,1,2026-04-02T05:49:27-07:00,USA,Cyclicstick,Updates not working,"This app is not even close to providing accurate information. After conversations, the speed is grossly high. Distances from earth/moon are not close either.  I was hoping for something more accurate. Nice try, falls short so far."
00000192-ff7a-3603-3d4f-718600000000,3,2026-04-02T01:38:01-07:00,GBR,Paulm1969,Time tracker,The app is quite good overall but the time tracker section with the mission time doesn’t match the one on the home section. A minor thing really but still if you pay £3.99 you want it up work
00000192-ff7a-3603-3d40-e1e600000000,3,2026-04-01T18:05:14-07:00,USA,RJ7173,Fix picture of Victor Glover,"First, Victor Glover is not white, like the image you have posted for his bio. C’mon, please fix asap. Simple accuracy and quality control. The app is ok; it links out to websites for a lot of current information."
00000192-ff7a-3603-3d3c-21a400000000,3,2026-04-01T15:53:40-07:00,USA,Jayalexn,"Great effort, flawed performance","Data are all over the place, not synched with NASA despite ‘Live’ status."
00000192-ff7a-3603-3ce5-d35c00000000,4,2026-03-31T04:32:27-07:00,GBR,@wark27,Good App so far but….,Lovely app with lots of data….but….you might want to check out the profile picture of Victor Glover…that certainly isn’t the photo of ‘first Black astronaut on long duration ISS mission’….that’s a picture of a white man
00000192-ff7a-3603-3cc5-97e200000000,1,2026-03-30T12:29:09-07:00,GBR,lc>1234,Photos of Victor Glover isnt Victor Glover!,Pretty poor & disrespectful when you cant even show images of the correct astronauts going on the mission!
